{
    "lower_threshold": 72.59677124023438,
    "upper_threshold": 872.5967712402344
}